Business,Brand,Keyword
Health,Durex,condooms
Health,Durex,glijmiddel
Health,Durex,durex
Health,Durex,condoms
Health,Durex,durex glijmiddel
Health,Durex,glijmiddel waterbasis
Health,Durex,durex condoom
Health,Durex,condoom
Health,Durex,durex play
Health,Durex,durex condooms
Health,Durex,latexvrije condooms
Health,Durex,condooms xl
Health,Durex,anaal glijmiddel
Health,Durex,condooms 100 stuks
Health,Durex,glijmiddel siliconen
Health,Durex,Durex glijmiddel waterbasis
Health,Durex,Durex glijmiddel anaal
Health,Durex,glijmiddel anale sex
Health,Dettol,allesreinigerspray
Health,Dettol,allesreiniger 
Health,Dettol,allesreiniger doekjes
Health,Dettol,allesreinigerdoekjes
Health,Dettol,dettol handgel
Health,Dettol,reinigingsdoekjes
Health,Dettol,dettol
Health,Dettol,dettol allesreiniger
Health,Dettol,dettol allesreinigerdoekjes
Health,Dettol,dettol allesreinigerspray
Health,Dettol,dettol spray
Health,Dettol,dettol doekjes
Health,Dettol,dettol reinigingsdoekjes
Health,Dettol,dettol wasmiddel
Health,Dettol,handzeep
Health,Dettol,Dettol No Touch
Health,Dettol,Dettol handzeep
Health,Dettol,dettol navulling
Health,Veet,Ontharing mannen
Health,Veet,Ontharingscreme
Health,Veet,Ontharingsspray
Health,Veet,Ontharingsstrips
Health,Veet,Veet ontharing
Health,Veet,Waxstrips
Health,Veet,wax strips
Health,Veet,ontharingscreme vrouw
Health,Veet,veet ontharingscreme
Health,Veet,ontharingscreme intieme delen
Health,Veet,veet men
Health,Veet,veet wax
Health,Veet,veet ontharingsstrips
Health,Veet,veet wax strips
Health,Veet,Veet
Health,Veet,ontharing vrouwen
Health,Veet,veet ontharing mannen
Health,Veet,koude waxstrips
Health,Veet,ontharingswax
Health,Veet,ontharingsceme mannen
